file	rows	bytes	sha256
MathVerseVO.tsv	788	326178	8d96f0c0347b385850abb65424b131f77549d7b3aa01470c1f7f7cbb1199f2dd
VisuLogic_GCEP.tsv	1000	510734	a6a533653a9109354c3d95f50a79a7be75440a22d0af59e1de19c5bfa36d9baa
HallusionBench_GCEP.tsv	1129	314802	871855fed66e4384d25b89d006696ab187cff3df562fbd743f1ffc8a3ab92aa9
TreeBench.tsv	405	245847	035296025786ab7d719631d1cdbfcd145b3ee3e03d176dd725e94c9158670cb7
VisualProbe_Easy.tsv	141	35351	b36da358e7ad0433b2217f31b2d3f03cf114523d3d6fd95438f8158603f42106
VisualProbe_Medium.tsv	268	69218	eea0484580cf127800ebd774ed253183260cef3f2387fe3686ad5e421e14da4b
VisualProbe_Hard.tsv	106	23502	645706d587aea3966b3c96ae1df615f8853e7ffc43f86117b858eec45abec102
ChartQAPro.tsv	1948	520637	666b3c58cd547f0903b3f65603338a69ad2c9a27033d706992a8a2db2ee9fc30
InfographicVQA_val.tsv	2801	546390	0d2ed8efdf3e2c7bd65bfde2ae8e12a4a45c5ef1021d829789c5ee750ebb729b
